reg_id,type1,type2,Q,A
PERKOT_CIREBON_2008_6,Q5,Q5.1,Bagaimana perubahan bunyi Pasal 21 ayat 2 dalam Peraturan Daerah Kota Cirebon Tahun 2001 Nomor 4?,"Tindak pidana sebagaimana dimaksud pada ayat (1) 
adalah pelanggaran."
PERKOT_CIREBON_2008_6,Q5,Q5.2,Apa saja pasal yang dihapus dalam Peraturan Daerah Kota Cirebon Tahun 2001 Nomor 4?,-
PERKOT_CIREBON_2008_6,Q5,Q5.3,Apa saja pasal yang ditambahkan dalam Peraturan Daerah Kota Cirebon Tahun 2001 Nomor 4?,-
PERMEN_ATRBPN_2017_14,Q5,Q5.4,Apakah Peraturan Menteri Agraria dan Tata Ruang/Badan Pertanahan Nasional Republik Indonesia Tahun 2017 Nomor 14 mengalami amandemen?,Tidak
PERATURAN_KPK_2018_05,Q5,Q5.1,Bagaimana perubahan bunyi Pasal 43 ayat 3 dalam Peraturan Komisi Pemberantasan Korupsi Republik Indonesia Tahun 2006 Nomor 06?,"Pelaksanaan cuti bersama lebih lanjut ditetapkan oleh 
Sekretaris Jenderal."
PERATURAN_KPK_2018_05,Q5,Q5.2,Apa saja pasal yang dihapus dalam Peraturan Komisi Pemberantasan Korupsi Republik Indonesia Tahun 2006 Nomor 06?,-
PERATURAN_KPK_2018_05,Q5,Q5.3,Apa saja pasal yang ditambahkan dalam Peraturan Komisi Pemberantasan Korupsi Republik Indonesia Tahun 2006 Nomor 06?,-
PERATURAN_KPK_2018_05,Q5,Q5.4,Apakah Peraturan Komisi Pemberantasan Korupsi Republik Indonesia Tahun 2006 Nomor 06 mengalami amandemen?,Ya
PERMEN_PANRB_2017_2,Q5,Q5.1,Bagaimana perubahan bunyi Pasal 33 ayat 6 dalam Peraturan Menteri Pendayagunaan Aparatur Negara dan Reformasi Birokrasi Republik Indonesia Tahun 2010 Nomor 22?,Pengangkatan kembali dalam Jabatan Fungsional Pengendali Hama dan Penyakit Ikan sebagaimana  dimaksud pada ayat (2) dan ayat (4) dengan menggunakan angka kredit terakhir yang dimiliki dan dapat ditambah dengan angka kredit dari pengembangan profesi selama dibebaskan sementara.
PERMEN_PANRB_2017_2,Q5,Q5.2,Apa saja pasal yang dihapus dalam Peraturan Menteri Pendayagunaan Aparatur Negara dan Reformasi Birokrasi Republik Indonesia Tahun 2010 Nomor 22?,-
PERMEN_PANRB_2017_2,Q5,Q5.3,Apa saja pasal yang ditambahkan dalam Peraturan Menteri Pendayagunaan Aparatur Negara dan Reformasi Birokrasi Republik Indonesia Tahun 2010 Nomor 22?,-
PERMEN_PANRB_2017_2,Q5,Q5.4,Apakah Peraturan Menteri Pendayagunaan Aparatur Negara dan Reformasi Birokrasi Republik Indonesia Tahun 2010 Nomor 22 mengalami amandemen?,Ya
PERPROV_SUMBAR_2012_2,Q5,Q5.1,Bagaimana perubahan bunyi Pasal 16 ayat 1 dalam Peraturan Daerah Provinsi Sumatera Barat Tahun 2011 Nomor 4?,Tarif Bea Balik Nama Kendaraan Bermotor atas penyerahan pertama ditetapkan sebesar 10 (sepuluh persen).
PERPROV_SUMBAR_2012_2,Q5,Q5.2,Apa saja pasal yang dihapus dalam Peraturan Daerah Provinsi Sumatera Barat Tahun 2011 Nomor 4?,-
PERPROV_SUMBAR_2012_2,Q5,Q5.3,Apa saja pasal yang ditambahkan dalam Peraturan Daerah Provinsi Sumatera Barat Tahun 2011 Nomor 4?,-
PERMEN_TAN_2016_10,Q5,Q5.4,Apakah Peraturan Menteri Pertanian Republik Indonesia Tahun 2016 Nomor 10 mengalami amandemen?,Tidak
PP_2007_31,Q5,Q5.1,Bagaimana perubahan bunyi Pasal 2 ayat 1 dalam Peraturan Pemerintah Republik Indonesia Tahun 2001 Nomor 12?,"Atas impor Barang Kena Pajak Tertentu yang bersifat strategis berupa:
a. barang modal sebagaimana dimaksud dalam Pasal 1 angka 1 huruf a yang diperlukan secara langsung dalam proses menghasilkan Barang Kena Pajak, oleh Pengusaha Kena Pajak yang menghasilkan Barang Kena Pajak tersebut;
b. makanan ternak, unggas, dan ikan dan/atau bahan baku untuk pembuatan makanan ternak, unggas, dan ikan sebagaimana dimaksud dalam Pasal 1 angka 1 huruf b;
c. bibit dan/atau benih dari barang pertanian, perkebunan, kehutanan, peternakan, penangkaran, atau perikanan sebagaimana dimaksud dalam Pasal 1 angka 1 huruf d;
d. dihapus;
e. dihapus;
f. barang hasil pertanian sebagaimana dimaksud dalam Pasal 1 angka 1 huruf c, dibebaskan dari pengenaan Pajak Pertambahan Nilai."
PP_2007_31,Q5,Q5.2,Apa saja pasal yang dihapus dalam Peraturan Pemerintah Republik Indonesia Tahun 2001 Nomor 12?,Pasal 6;
PP_2007_31,Q5,Q5.3,Apa saja pasal yang ditambahkan dalam Peraturan Pemerintah Republik Indonesia Tahun 2001 Nomor 12?,Pasal 4A;
PP_1996_65,Q5,Q5.4,Apakah Peraturan Pemerintah Republik Indonesia Tahun 1996 Nomor 65 mengalami amandemen?,Tidak
PERKOT_BANDUNG_2005_05,Q5,Q5.1,Bagaimana perubahan bunyi Pasal 23 ayat 2 dalam Peraturan Daerah Kota Bandung Tahun 2002 Nomor 21?,"Calon Anggota Dewan Pengawas harus lulus seleksi yang dilakukan oleh Tim
Penseleksi yang dibentuk untuk itu."
PERKOT_BANDUNG_2005_05,Q5,Q5.2,Apa saja pasal yang dihapus dalam Peraturan Daerah Kota Bandung Tahun 2002 Nomor 21?,-
PERKOT_BANDUNG_2005_05,Q5,Q5.3,Apa saja pasal yang ditambahkan dalam Peraturan Daerah Kota Bandung Tahun 2002 Nomor 21?,-
PERKOT_BANDUNG_2005_05,Q5,Q5.4,Apakah Peraturan Daerah Kota Bandung Tahun 2002 Nomor 21 mengalami amandemen?,Ya
PERKAB_PINRANG_2010_6,Q5,Q5.1,Bagaimana perubahan bunyi Pasal 19 dalam Peraturan Daerah Kabupaten Pinrang Tahun 2005 Nomor 1?,"Rumah Jabatan Pimpinan DPRD beserta perlengkapannya, Rumah Dinas Anggota DPRD beserta perlengkapannya, Kendaraan Dinas Jabatan Pimpinan DPRD tidak dapat disewabelikan atau digunausahakan atau dipindahtangankan atau diubah struktur bangunan dan status hukumnya."
PERKAB_PINRANG_2010_6,Q5,Q5.2,Apa saja pasal yang dihapus dalam Peraturan Daerah Kabupaten Pinrang Tahun 2005 Nomor 1?,-
PERKAB_PINRANG_2010_6,Q5,Q5.3,Apa saja pasal yang ditambahkan dalam Peraturan Daerah Kabupaten Pinrang Tahun 2005 Nomor 1?,"Pasal 14A;
Pasal 24A;
Pasal 24B;
Pasal 24C;
Pasal 24D;
Pasal 24E;"
PERPRES_2018_82,Q5,Q5.4,Apakah Peraturan Presiden Republik Indonesia Tahun 2018 Nomor 82 mengalami amandemen?,Tidak
PERMEN_DIKBUD_2013_108,Q5,Q5.1,Bagaimana perubahan bunyi Pasal 2 dalam Peraturan Menteri Pendidikan dan Kebudayaan Republik Indonesia Tahun 2012 Nomor 58?,"BOPTN dipergunakan untuk: 
a. pelaksanaan penelitian dan pengabdian kepada masyarakat; 
b. biaya pemeliharaan pengadaan; 
c. penambahan bahan praktikum/kuliah; 
d. bahan pustaka; 
e. penjaminan mutu; 
f. pelaksanaan kegiatan kemahasiswaan; 
g. pembiayaan langganan daya dan jasa; 
h. pelaksanaan kegiatan penunjang; 
i. pengembangan teknologi informasi dan komunikasi (TIK) dalam pembelajaran; 
j. honor dosen dan tenaga kependidikan nonpegawai negeri sipil; 
k. pengadaan dosen tamu; 
l. pengadaan sarana dan prasarana sederhana; dan/atau 
m. kegiatan lain yang merupakan prioritas dalam renstra perguruan tinggi masing-masing."
PERMEN_DIKBUD_2013_108,Q5,Q5.2,Apa saja pasal yang dihapus dalam Peraturan Menteri Pendidikan dan Kebudayaan Republik Indonesia Tahun 2012 Nomor 58?,-
PERMEN_DIKBUD_2013_108,Q5,Q5.3,Apa saja pasal yang ditambahkan dalam Peraturan Menteri Pendidikan dan Kebudayaan Republik Indonesia Tahun 2012 Nomor 58?,-
PERMEN_PERIN_2014_21,Q5,Q5.4,Apakah Peraturan Menteri Perindustrian Republik Indonesia Tahun 2014 Nomor 21 mengalami amandemen?,Tidak
PERKOT_BANDUNG_2009_11,Q5,Q5.1,Bagaimana perubahan bunyi Pasal 3 ayat 2 dalam Peraturan Daerah Kota Bandung Tahun 2007 Nomor 10?,Sekretariat Daerah mempunyai tugas dan kewajiban membantu Walikota dalam menyusun kebijakan dan mengkoordinasikan perangkat daerah.
PERKOT_BANDUNG_2009_11,Q5,Q5.2,Apa saja pasal yang dihapus dalam Peraturan Daerah Kota Bandung Tahun 2007 Nomor 10?,-
PERKOT_BANDUNG_2009_11,Q5,Q5.3,Apa saja pasal yang ditambahkan dalam Peraturan Daerah Kota Bandung Tahun 2007 Nomor 10?,"Pasal 7A;
Pasal 12A;"
PERMEN_KES_2017_61,Q5,Q5.4,Apakah Peraturan Menteri Kesehatan Republik Indonesia Tahun 2017 Nomor 61 mengalami amandemen?,Tidak
PERMEN_ESDM_2019_3,Q5,Q5.1,Bagaimana perubahan bunyi Pasal 20 ayat 3 dalam Peraturan Menteri Energi dan Sumber Daya Mineral Republik Indonesia Tahun 2018 Nomor 23?,"SKK Migas melakukan pengawasan dan pengendalian atas pelaksanaan kegiatan sebagaimana dimaksud pada ayat (1), ayat (2), dan ayat (3)."
PERMEN_ESDM_2019_3,Q5,Q5.2,Apa saja pasal yang dihapus dalam Peraturan Menteri Energi dan Sumber Daya Mineral Republik Indonesia Tahun 2018 Nomor 23?,-
PERMEN_ESDM_2019_3,Q5,Q5.3,Apa saja pasal yang ditambahkan dalam Peraturan Menteri Energi dan Sumber Daya Mineral Republik Indonesia Tahun 2018 Nomor 23?,"Pasal 13A;
Pasal 14A;"
PP_1999_27,Q5,Q5.4,Apakah Peraturan Pemerintah Republik Indonesia Tahun 1999 Nomor 27 mengalami amandemen?,Tidak
PERMEN_DAG_2015_63,Q5,Q5.1,Bagaimana perubahan bunyi Pasal 28 dalam Peraturan Menteri Perdagangan Republik Indonesia Tahun 2014 Nomor 78?,Peraturan Menteri ini mulai berlaku pada tanggal 1 Januari 2016.
PERMEN_DAG_2015_63,Q5,Q5.2,Apa saja pasal yang dihapus dalam Peraturan Menteri Perdagangan Republik Indonesia Tahun 2014 Nomor 78?,-
PERMEN_DAG_2015_63,Q5,Q5.3,Apa saja pasal yang ditambahkan dalam Peraturan Menteri Perdagangan Republik Indonesia Tahun 2014 Nomor 78?,-
PERPROV_JATENG_2010_3,Q5,Q5.4,Apakah Peraturan Daerah Provinsi Jawa Tengah Tahun 2010 Nomor 3 mengalami amandemen?,Tidak
PERATURAN_BAWASLU_2015_2,Q5,Q5.1,Bagaimana perubahan bunyi Pasal 4 ayat 6 dalam Peraturan Badan Pengawas Pemilu Republik Indonesia Tahun 2014 Nomor 11?,Pengawas Pemilu Luar Negeri mengawasi penyelenggaraan Pemilu di luar negeri.
PERATURAN_BAWASLU_2015_2,Q5,Q5.2,Apa saja pasal yang dihapus dalam Peraturan Badan Pengawas Pemilihan Umum Republik Indonesia Tahun 2014 Nomor 11?,-
PERATURAN_BAWASLU_2015_2,Q5,Q5.3,Apa saja pasal yang ditambahkan dalam Peraturan Badan Pengawas Pemilihan Umum Republik Indonesia Tahun 2014 Nomor 11?,"Pasal 41A;
Pasal 41B"
PERMEN_HUB_2019_63,Q5,Q5.4,Apakah Peraturan Menteri Perhubungan Tahun 2019 Nomor 63 mengalami amandemen?,Tidak
PERMEN_KOMINFO_2017_21,Q5,Q5.1,Bagaimana perubahan bunyi Pasal 7 dalam Peraturan Menteri Komunikasi dan Informasi Republik Indonesia Tahun 2016 Nomor 12?,"Registrasi sendiri melalui laman situs Penyelenggara Jasa Telekomunikasi sebagaimana dimaksud dalam Pasal 4 ayat (2) huruf b dilakukan oleh calon Pelanggan Prabayar dengan tahapan sebagai berikut: 
a. calon Pelanggan Prabayar mengisi dan mengirimkan Nomor MSISDN yang akan didaftarkan pada laman situs milik Penyelenggara Jasa Telekomunikasi; 
b. setelah pengiriman Nomor MSISDN berhasil, Penyelenggara Jasa Telekomunikasi mengirimkan kode otorisasi yang dapat berupa One-Time Password ke Nomor MSISDN calon Pelanggan Prabayar yang akan didaftarkan; 
c. setelah menerima kode otorisasi sebagaimana dimaksud dalam huruf b, calon Pelanggan Prabayar mengirimkan kembali: 
1. kode otorisasi; 
2. NIK; dan 
3. nomor Kartu Keluarga. 
d. setelah menerima data dari calon Pelanggan Prabayar, Penyelenggara Jasa Telekomunikasi melakukan Validasi; 
e. dalam hal data yang dimasukkan oleh calon Pelanggan Prabayar tervalidasi, proses Registrasi dinyatakan berhasil; dan 
f. dalam hal data yang dimasukkan tidak tervalidasi, calon Pelanggan Prabayar diberikan kesempatan untuk melakukan Registrasi kembali paling banyak 5 (lima) kali."
PERMEN_KOMINFO_2017_21,Q5,Q5.2,Apa saja pasal yang dihapus dalam Peraturan Menteri Komunikasi dan Informasi Republik Indonesia Tahun 2016 Nomor 12?,-
PERMEN_KOMINFO_2017_21,Q5,Q5.3,Apa saja pasal yang ditambahkan dalam Peraturan Menteri Komunikasi dan Informasi Republik Indonesia Tahun 2016 Nomor 12?,-
PERMEN_RISTEKDIKTI_2017_11,Q5,Q5.4,"Apakah Peraturan Menteri Riset, Teknologi, dan Pendidikan Tinggi Republik Indonesia Tahun 2017 Nomor 11 mengalami amandemen?",Tidak
PP_2008_64,Q5,Q5.1,Bagaimana perubahan bunyi Pasal 63 ayat 3 dalam Peraturan Pemerintah Republik Indonesia Tahun 2004 Nomor 54?,Belanja pemeliharaan rumah jabatan dan/atau rumah dinas beserta perlengkapannya sebagaimana dimaksud pada ayat (1) dan ayat (2) dibebankan pada APBD.
PP_2008_64,Q5,Q5.2,Apa saja pasal yang dihapus dalam Peraturan Pemerintah Republik Indonesia Tahun 2004 Nomor 54?,-
PP_2008_64,Q5,Q5.3,Apa saja pasal yang ditambahkan dalam Peraturan Pemerintah Republik Indonesia Tahun 2004 Nomor 54?,"Pasal 63A;
Pasal 64A;
Pasal 64B;
Pasal 67A"
PP_2008_64,Q5,Q5.4,Apakah Peraturan Pemerintah Republik Indonesia Tahun 2004 Nomor 54 mengalami amandemen?,Ya
PERMEN_KEU_2011_31,Q5,Q5.1,Bagaimana perubahan bunyi Pasal 2 ayat 1 dalam Peraturan Menteri Keuangan Republik Indonesia Tahun 2007 Nomor 36?,"Rumah Sederhana dan Rumah Sangat Sederhana yang dibebaskan dari pengenaan Pajak Pertambahan Nilai sebagaimana dimaksud dalam Pasal 1 adalah rumah yang perolehannya secara tunai ataupun dibiayai melalui fasilitas kredit bersubsidi maupun tidak bersubsidi, atau melalui pembiayaan berdasarkan prinsip syariah, yang memenuhi ketentuan:
a. luas bangunan tidak melebihi 36 m2 (tiga puluh enam meter persegi);
b. harga jual tidak melebihi Rp70.000.000,00 (tujuh puluh juta rupiah);
dan
c. merupakan rumah pertama yang dimiliki, digunakan sendiri sebagai
tempat tinggal dan tidak dipindahtangankan dalam jangka waktu 5
(lima) tahun sejak dimiliki."
PERMEN_KEU_2011_31,Q5,Q5.2,Apa saja pasal yang dihapus dalam Peraturan Menteri Keuangan Republik Indonesia Tahun 2007 Nomor 36?,-
PERMEN_KEU_2011_31,Q5,Q5.3,Apa saja pasal yang ditambahkan dalam Peraturan Menteri Keuangan Republik Indonesia Tahun 2007 Nomor 36?,-
PERMEN_KEU_2011_31,Q5,Q5.4,Apakah Peraturan Menteri Keuangan Republik Indonesia Tahun 2007 Nomor 36 mengalami amandemen?,Ya
PERMEN_KEU_2011_91,Q5,Q5.1,Bagaimana perubahan bunyi Pasal 2 ayat 2 dalam Peraturan Menteri Keuangan Republik Indonesia Tahun 2009 Nomor 229?,"Subsidi Bunga diberikan kepada PDAM sebesar selisih antara BI rate dengan bunga kredit investasi yang disepakati oleh Bank Pemberi
Kredit dan PDAM, paling tinggi sebesar 5 (lima persen)."
PERMEN_KEU_2011_91,Q5,Q5.2,Apa saja pasal yang dihapus dalam Peraturan Menteri Keuangan Republik Indonesia Tahun 2009 Nomor 229?,-
PERMEN_KEU_2011_91,Q5,Q5.3,Apa saja pasal yang ditambahkan dalam Peraturan Menteri Keuangan Republik Indonesia Tahun 2009 Nomor 229?,-
PERMEN_LHK_2018_86,Q5,Q5.4,Apakah Peraturan Menteri Lingkungan Hidup dan Kehutanan Republik Indonesia Tahun 2018 Nomor 86 mengalami amandemen?,Tidak
PERKAB_BANTUL_2002_05,Q5,Q5.1,Bagaimana perubahan bunyi Pasal 61 ayat 7 dalam Peraturan Daerah Kabupaten Bantul Tahun 2001 Nomor 13?,"Jasa produksi sebagaimana dimaksud ayat (1) huruf e dipergunakan untuk pemberian jasa bagi pengurus dan pegawai, yang pelaksanaannya ditetapkan oleh Direksi setelah mendapatkan pertimbangan Dewan Pengawas dan persetujuan Bupati."
PERKAB_BANTUL_2002_05,Q5,Q5.2,Apa saja pasal yang dihapus dalam Peraturan Daerah Kabupaten Bantul Tahun 2001 Nomor 13?,-
PERKAB_BANTUL_2002_05,Q5,Q5.3,Apa saja pasal yang ditambahkan dalam Peraturan Daerah Kabupaten Bantul Tahun 2001 Nomor 13?,-
PERKAB_BANTUL_2002_05,Q5,Q5.4,Apakah Peraturan Daerah Kabupaten Bantul Tahun 2001 Nomor 13 mengalami amandemen?,Ya
UU_2018_2,Q5,Q5.1,Bagaimana perubahan bunyi Pasal 73 ayat 4 dalam Undang-Undang Republik Indonesia Tahun 2014 Nomor 17?,"Panggilan paksa sebagaimana dimaksud pada ayat (3) dilaksanakan dengan ketentuan sebagai berikut: 
a. Pimpinan DPR mengajukan permintaan secara tertulis kepada Kepala Kepolisian Negara Republik Indonesia paling sedikit memuat dasar dan alasan pemanggilan paksa serta nama dan alamat setiap orang yang dipanggil paksa; 
b. Kepolisian Negara Republik Indonesia wajib memenuhi permintaan sebagaimana dimaksud pada huruf a; dan
c. Kepala Kepolisian Negara Republik Indonesia 
memerintahkan Kepala Kepolisian Daerah di tempat domisili setiap orang yang dipanggil paksa untuk dihadirkan memenuhi panggilan DPR sebagaimana dimaksud pada ayat (1)."
UU_2018_2,Q5,Q5.2,Apa saja pasal yang dihapus dalam Undang-Undang Republik Indonesia Tahun 2014 Nomor 17?,-
UU_2018_2,Q5,Q5.3,Apa saja pasal yang ditambahkan dalam Undang-Undang Republik Indonesia Tahun 2014 Nomor 17?,"Pasal 112A;
Pasal 112B;
Pasal 112C;
Pasal 112D;
Pasal 112E;
Pasal 112F;
Pasal 112G;
Pasal 121A;
Pasal 122A;
Pasal 122B;
Pasal 180A;
Pasal 413A;
Pasal 427A;
Pasal 427B;
Pasal 427C;
Pasal 427D;
Pasal 427E;"
UU_2018_2,Q5,Q5.4,Apakah Undang-Undang Republik Indonesia Tahun 2014 Nomor 17 mengalami amandemen?,Ya
PERMEN_PERIN_2014_30,Q5,Q5.1,Bagaimana perubahan bunyi Pasal 3 ayat 3 dalam Peraturan Menteri Perindustrian Republik Indonesia Tahun 2012 Nomor 116?,Direktorat Jenderal Basis Industri Manufaktur melakukan pembinaan terhadap industri Kabel yang tidak memenuhi ketentuan SNI Kabel secara wajib berdasarkan hasil pengawasan berkala sebagaimana dimaksud pada ayat (2) huruf a angka 1.
PERMEN_PERIN_2014_30,Q5,Q5.2,Apa saja pasal yang dihapus dalam Peraturan Menteri Perindustrian Republik Indonesia Tahun 2012 Nomor 116?,-
PERMEN_PERIN_2014_30,Q5,Q5.3,Apa saja pasal yang ditambahkan dalam Peraturan Menteri Perindustrian Republik Indonesia Tahun 2012 Nomor 116?,-
PERMEN_PERIN_2014_30,Q5,Q5.4,Apakah Peraturan Menteri Perindustrian Republik Indonesia Tahun 2012 Nomor 116 mengalami amandemen?,Ya
UU_2007_28,Q5,Q5.1,Bagaimana perubahan bunyi Pasal 29 ayat 3 dalam Undang-Undang Republik Indonesia Tahun 1983 Nomor 6?,"Wajib Pajak yang diperiksa wajib:
a. memperlihatkan dan/atau meminjamkan buku atau catatan, dokumen yang menjadi dasarnya, dan dokumen lain yang berhubungan dengan penghasilan yang diperoleh, kegiatan usaha, pekerjaan bebas Wajib Pajak, atau objek yang terutang pajak;
b. memberikan kesempatan untuk memasuki tempat atau ruang yang dipandang perlu dan memberi bantuan guna kelancaran pemeriksaan; dan/atau
c. memberikan keterangan lain yang diperlukan."
UU_2007_28,Q5,Q5.2,Apa saja pasal yang dihapus dalam Undang-Undang Republik Indonesia Tahun 1983 Nomor 6?,"Pasal 33;
"
UU_2007_28,Q5,Q5.3,Apa saja pasal yang ditambahkan dalam Undang-Undang Republik Indonesia Tahun 1983 Nomor 6?,"Pasal 2A;
Pasal 17A;
Pasal 17B;
Pasal 17C;
Pasal 17D;
Pasal 17E;
Pasal 27A;
Pasal 36C;
Pasal 36D;
Pasal 2A;
Pasal 13A;
Pasal 17A;
Pasal 17B;
Pasal 17C;
Pasal 17D;
Pasal 26A;
Pasal 27A;
Pasal 29A;
Pasal 35A;
Pasal 36A;
Pasal 36B;
Pasal 36C;
Pasal 36D;
Pasal 37A;
Pasal 39A;
Pasal 41A;
Pasal 41B;
Pasal 41C;
Pasal 43A;
Pasal 44B;"
PERMEN_KOPUKM_2016_06,Q5,Q5.4,Apakah Peraturan Menteri Koperasi dan Usaha Kecil Menengah Republik Indonesia Tahun 2016 Nomor 06 mengalami amandemen?,Tidak
PERKAB_BANTUL_2001_30,Q5,Q5.1,Bagaimana perubahan bunyi Pasal 30 ayat 1 dalam Peraturan Daerah Kabupaten Bantul Tahun 2000 Nomor 1?,Pelaksanaan Peraturan Daerah ini ditugaskan kepada Dinas Perhubungan.
PERKAB_BANTUL_2001_30,Q5,Q5.2,Apa saja pasal yang dihapus dalam Peraturan Daerah Kabupaten Bantul Tahun 2000 Nomor 1?,-
PERKAB_BANTUL_2001_30,Q5,Q5.3,Apa saja pasal yang ditambahkan dalam Peraturan Daerah Kabupaten Bantul Tahun 2000 Nomor 1?,-
PERKAB_BANTUL_2001_30,Q5,Q5.4,Apakah Peraturan Daerah Kabupaten Bantul Tahun 2000 Nomor 1 mengalami amandemen?,Ya
PERATURAN_OJK_2015_7,Q5,Q5.1,Bagaimana perubahan bunyi Pasal 5 ayat 3 dalam Peraturan Otoritas Jasa Keuangan Republik Indonesia Tahun 2014 Nomor 4?,"Dalam hal sebagian atau seluruh keberatan sebagaimana dimaksud pada ayat (1) ditolak seluruhnya, atau diterima seluruhnya atau sebagian namun masih menimbulkan kewajiban pembayaran denda bagi pemohon keberatan, pemohon keberatan dimaksud wajib membayar Sanksi Administratif Berupa Denda sesuai dengan nilai yang ditetapkan dalam surat tanggapan OJK dalam jangka waktu paling lama 30 (tiga puluh) hari setelah ditetapkannya surat tanggapan OJK atas permohonan keberatan."
PERATURAN_OJK_2015_7,Q5,Q5.2,Apa saja pasal yang dihapus dalam Peraturan Otoritas Jasa Keuangan Republik Indonesia Tahun 2014 Nomor 4?,-
PERATURAN_OJK_2015_7,Q5,Q5.3,Apa saja pasal yang ditambahkan dalam Peraturan Otoritas Jasa Keuangan Republik Indonesia Tahun 2014 Nomor 4?,-
PERATURAN_OJK_2015_7,Q5,Q5.4,Apakah Peraturan Otoritas Jasa Keuangan Republik Indonesia Tahun 2014 Nomor 4 mengalami amandemen?,Ya
PERMEN_AGAMA_2017_48,Q5,Q5.1,Bagaimana perubahan bunyi Pasal 4 dalam Peraturan Menteri Agama Republik Indonesia Tahun 2013 Nomor 24?,"Organisasi Institut terdiri atas organ pengelola, organ pertimbangan, dan organ pengawasan."
PERMEN_AGAMA_2017_48,Q5,Q5.2,Apa saja pasal yang dihapus dalam Peraturan Menteri Agama Republik Indonesia Tahun 2013 Nomor 24?,Pasal 69;
PERMEN_AGAMA_2017_48,Q5,Q5.3,Apa saja pasal yang ditambahkan dalam Peraturan Menteri Agama Republik Indonesia Tahun 2013 Nomor 24?,"Pasal 25A;
Pasal 25B;
Pasal 25C;
Pasal 25D;
Pasal 25E;
Pasal 25F;
Pasal 69A;
Pasal 69B;
Pasal 69C;
Pasal 69D;"
PERMEN_AGAMA_2017_48,Q5,Q5.4,Apakah Peraturan Menteri Agama Republik Indonesia Tahun 2013 Nomor 24 mengalami amandemen?,Ya
UU_1997_13,Q5,Q5.1,Bagaimana perubahan bunyi Pasal 82 ayat 2 dalam Undang-Undang Republik Indonesia Tahun 1989 Nomor 6?,Permintaan Lisensi Wajib sebagaimana dimaksud dalam ayat (1) hanya dapat dilakukan dengan alasan bahwa paten yang bersangkutan tidak dilaksanakan di Indonesia oleh Pemegang Paten padahal kesempatan untuk melaksanakannya secara komersial sepatutnya ditempuh.
UU_1997_13,Q5,Q5.2,Apa saja pasal yang dihapus dalam Undang-Undang Republik Indonesia Tahun 1989 Nomor 6?,"Pasal 2;
Pasal 42;
Pasal 43;
Pasal 44;
Pasal 63
"
UU_1997_13,Q5,Q5.3,Apa saja pasal yang ditambahkan dalam Undang-Undang Republik Indonesia Tahun 1989 Nomor 6?,"Pasal 123A;
Pasal 128A"
UU_1997_13,Q5,Q5.4,Apakah Undang-Undang Republik Indonesia Tahun 1989 Nomor 6 mengalami amandemen?,Ya
PERATURAN_KPU_2010_14,Q5,Q5.1,Bagaimana perubahan bunyi Pasal 55 ayat 2 dalam Peraturan Komisi Pemilihan Umum Republik Indonesia Tahun 2009 Nomor 69?,"Pelanggaran atas ketentuan pelaksanaan kampenye sebagaimana 
dimaksud dalam Pasal 53 ayat (1) huruf g, huruf h, dan huruf i,  dikenakan sanksi dengan tahapan : 
a. peringatan tertulis apabila dilaksanakan Kampanye melanggara larangan walaupun belum terjadi gangguan; 
b. penghentian kegiatan Kampanye di tempat terjadinya pelanggaran atau di suatu daerah yang dapat mengakibatkan gangguan terhadap keamanan yang berpotensi menyebar ke daerah pemilihan lain."
PERATURAN_KPU_2010_14,Q5,Q5.2,Apa saja pasal yang dihapus dalam Peraturan Komisi Pemilihan Umum Republik Indonesia Tahun 2009 Nomor 69?,-
PERATURAN_KPU_2010_14,Q5,Q5.3,Apa saja pasal yang ditambahkan dalam Peraturan Komisi Pemilihan Umum Republik Indonesia Tahun 2009 Nomor 69?,"Pasal 85A;
Pasal 89A;
Pasal 89B;
Pasal 89B"
PERMEN_AGAMA_2018_5,Q5,Q5.4,Apakah Peraturan Menteri Agama Tahun 2018 Nomor 5 mengalami amandemen?,Tidak
PERMEN_KP_2014_28,Q5,Q5.1,Bagaimana perubahan bunyi Pasal 8 ayat 8 dalam Peraturan Menteri Kelautan dan Perikanan Republik Indonesia Tahun 2013 Nomor 17?,Rekomendasi sebagaimana dimaksud pada ayat (1) atau ayat (2) merupakan persyaratan bagi gubernur atau bupati/walikota untuk menerbitkan Izin Lokasi Reklamasi dan Izin Pelaksanaan Reklamasi.
PERMEN_KP_2014_28,Q5,Q5.2,Apa saja pasal yang dihapus dalam Peraturan Menteri Kelautan dan Perikanan Republik Indonesia Tahun 2013 Nomor 17?,-
PERMEN_KP_2014_28,Q5,Q5.3,Apa saja pasal yang ditambahkan dalam Peraturan Menteri Kelautan Perikanan Republik Indonesia Tahun 2013 Nomor 17?,-
PERMEN_KP_2014_28,Q5,Q5.4,Apakah Peraturan Menteri Kelautan dan Perikanan Republik Indonesia Tahun 2013 Nomor 17 mengalami amandemen?,Ya
PP_2006_18,Q5,Q5.1,Bagaimana perubahan bunyi Pasal 3 ayat 1 dalam Peraturan Pemerintah Republik Indonesia Tahun 2005 Nomor 69?,"Bagi pensiun Pegawai Negeri Sipil, pensiun Janda/Duda Pegawai Negeri Sipil, pensiun yang diterimakan kepada anak, bagian pensiun janda/anak (anak-anak) dan pensiun yang diterimakan kepada orang tua yang dipensiun sebelum tanggal 1 Juli 2001, setelah pensiun pokoknya disesuaikan menurut Peraturan Pemerintah ini ternyata:
a. tidak mengalami kenaikan atau mengalami penurunan penghasilan, kepadanya diberikan tambahan penghasilan sebesar jumlah penurunan penghasilannya ditambah dengan 15 (lima belas persen) dari penghasilan;
b. mengalami kenaikan penghasilan kurang 15 (lima belas persen) dari penghasilan, kepadanya diberikan tambahan penghasilan sehingga kenaikan penghasilannya menjadi sebesar 15 (lima belas persen)."
PP_2006_18,Q5,Q5.2,Apa saja pasal yang dihapus dalam Peraturan Pemerintah Republik Indonesia Tahun 2005 Nomor 69?,-
PP_2006_18,Q5,Q5.3,Apa saja pasal yang ditambahkan dalam Peraturan Pemerintah Republik Indonesia Tahun 2005 Nomor 69?,-
PP_2006_18,Q5,Q5.4,Apakah Peraturan Pemerintah Republik Indonesia Tahun 2005 Nomor 69 mengalami amandemen?,Ya
PERMEN_ESDM_2014_40,Q5,Q5.1,Bagaimana perubahan bunyi Pasal 4 dalam Peraturan Menteri Energi dan Sumber Daya Mineral Republik Indonesia Tahun 2010 Nomor 15?,Peraturan Menteri ini mulai berlaku pada tanggal ditetapkan sampai dengan tanggal 31 Desember 2019.
PERMEN_ESDM_2014_40,Q5,Q5.2,Apa saja pasal yang dihapus dalam Peraturan Menteri Energi dan Sumber Daya Mineral Republik Indonesia Tahun 2010 Nomor 15?,-
PERMEN_ESDM_2014_40,Q5,Q5.3,Apa saja pasal yang ditambahkan dalam Peraturan Menteri Energi dan Sumber Daya Mineral Republik Indonesia Tahun 2010 Nomor 15?,-
PERMEN_ESDM_2014_40,Q5,Q5.4,Apakah Peraturan Menteri Energi dan Sumber Daya Mineral Republik Indonesia Tahun 2010 Nomor 15 mengalami amandemen?,Ya
UU_1994_11,Q5,Q5.1,Bagaimana perubahan bunyi Pasal 11 ayat 1 dalam Undang-Undang Republik Indonesia Tahun 1983 Nomor 8?,Terutangnya pajak terjadi pada saat penyerahan Barang Kena Pajak atau pada saat penyerahan Jasa Kena Pajak atau pada saat impor Barang Kena Pajak atau pada saat lain yang ditetapkan oleh Menteri Keuangan.
UU_1994_11,Q5,Q5.2,Apa saja pasal yang dihapus dalam Undang-Undang Republik Indonesia Tahun 1983 Nomor 8?,"Pasal 3;
Pasal 15;
Pasal 16;"
UU_1994_11,Q5,Q5.3,Apa saja pasal yang ditambahkan dalam Undang-Undang Republik Indonesia Tahun 1983 Nomor 8?,"Pasal 3A;
Pasal 4A;
Pasal 5A;
Pasal 16A;
Pasal 16B;
Pasal 16C;
Pasal 16D"
UU_1994_11,Q5,Q5.4,Apakah Undang-Undang Republik Indonesia Tahun 1983 Nomor 8 mengalami amandemen?,Ya
PERMEN_PERIN_2008_62,Q5,Q5.1,Bagaimana perubahan bunyi Pasal 3 dalam Peraturan Menteri Perindustrian Republik Indonesia Tahun 2008 Nomor 43?,Industri Manufaktur sebagaimana dimaksud dalam Pasal 2 ayat (1) huruf a sesuai dengan KBLI 5 (lima) digit sebagaimana tercantum dalam Lampiran Peraturan Menteri dimaksud diubah menjadi sebagaimana tercantum dalam Lampiran Peraturan Menteri ini.
PERMEN_PERIN_2008_62,Q5,Q5.2,Apa saja pasal yang dihapus dalam Peraturan Menteri Perindustrian Republik Indonesia Tahun 2008 Nomor 43?,-
PERMEN_PERIN_2008_62,Q5,Q5.3,Apa saja pasal yang ditambahkan dalam Peraturan Menteri Perindustrian Republik Indonesia Tahun 2008 Nomor 43?,-
PERMEN_DAG_2016_73,Q5,Q5.4,Apakah Peraturan Menteri Perdagangan Republik Indonesia Tahun 2016 Nomor 73 mengalami amandemen?,Tidak
PERMEN_DIKBUD_2017_6,Q5,Q5.1,Bagaimana perubahan bunyi Pasal 6 ayat 4 dalam Peraturan Menteri Pendidikan dan Kebudayaan Republik Indonesia Tahun 2015 Nomor 14?,"Seksi Supervisi dan Fasilitasi Peningkatan Mutu Pendidikan sebagaimana dimaksud pada ayat (1) huruf d mempunyai tugas melakukan supervisi, fasilitasi, dan kerja sama peningkatan mutu pendidikan dasar dan pendidikan menengah dalam pencapaian standar nasional pendidikan."
PERMEN_DIKBUD_2017_6,Q5,Q5.2,Apa saja pasal yang dihapus dalam Peraturan Menteri Pendidikan dan Kebudayaan Republik Indonesia Tahun 2015 Nomor 14?,Pasal 22
PERMEN_DIKBUD_2017_6,Q5,Q5.3,Apa saja pasal yang ditambahkan dalam Peraturan Menteri Pendidikan dan Kebudayaan Republik Indonesia Tahun 2015 Nomor 14?,-
PERMEN_DIKBUD_2017_6,Q5,Q5.4,Apakah Peraturan Menteri Pendidikan dan Kebudayaan Republik Indonesia Tahun 2015 Nomor 14 mengalami amandemen?,Ya
PERMEN_DAG_2009_29,Q5,Q5.1,Bagaimana perubahan bunyi Pasal 1 dalam Peraturan Menteri Perdagangan Republik Indonesia Tahun 2005 Nomor 05?,"Dalam Peraturan Menteri ini yang dimaksud dengan: 
1. Mesin dan Peralatan Mesin adalah segala macam mesin dan peralatan yang dipergunakan dalam proses produksi Cakram Optik Kosong dan/atau Cakram Optik Isi. 
2. Bahan Baku adalah segala bentuk bahan yang dapat digunakan dalam proses produksi Cakram Optik Kosong dan/atau Cakram Optik Isi. 
3. Cakram Optik adalah segala macam media rekam berbentuk cakram yang dapat diisi atau berisi data dan atau informasi berupa suara, musik, film, atau data dan/atau informasi lainnya yang dapat dibaca dengan mekanisme teknologi pemindaian (scanning) secara optik menggunakan sumber sinar yang intensitasnya tinggi seperti laser. 
4. Cakram Optik Kosong adalah Cakram Optik dalam bentuk kosong yang merupakan hasil akhir proses produksi tanpa ada dan/atau informasi. 
5. Cakram Optik Isi adalah Cakram Optik yang merupakan hasil akhir proses produksi teknologi tinggi yang berisi data dan/atau informasi baik berupa suara, musik, maupun film atau data dan/atau informasi lainnya. 
6. Kode Produksi adalah Source Identification Code (SID Code) yang terdiri dari kode stamper (stamper code) dan kode cetakan (mould code) yang harus tertera pada Cakram Optik Isi. 
7. Importir Terdaftar Cakram Optik, selanjutnya disebut IT Cakram Optik, adalah perusahaan atau Industri di bidang cakram optik pemilik Angka Pengenal Importir (API) yang disetujui oleh Direktur Jenderal untuk mengimpor Mesin, Peralatan Mesin, Bahan Baku, Cakram Optik Kosong dan/atau Cakram Optik Isi. 
8. Importir Terdaftar Non Cakram Optik, selanjutnya disebut IT Non Cakram Optik, adalah perusahaan atau Industri di luar bidang cakram optik pemilik Angka Pengenal Importir (API) yang disetujui oleh Direktur Jenderal untuk mengimpor Mesin, Peralatan Mesin, Bahan Baku, Cakram Optik Kosong dan/atau Cakram Optik Isi. 
9. Rekomendasi adalah surat yang diterbitkan oleh pejabat instansi/unit yang berwenang memberikan penjelasan secara teknis dan bukan merupakan izin atau persetujuan impor. 
10. Direktur Jenderal adalah Direktur Jenderal Perdagangan Luar Negeri, Departemen Perdagangan. 
11. Menteri adalah menteri yang tugas dan tanggungjawabnya di bidang perdagangan."
PERMEN_DAG_2009_29,Q5,Q5.2,Apa saja pasal yang dihapus dalam Peraturan Menteri Perdagangan Republik Indonesia Tahun 2005 Nomor 05?,-
PERMEN_DAG_2009_29,Q5,Q5.3,Apa saja pasal yang ditambahkan dalam Peraturan Menteri Perdagangan Republik Indonesia Tahun 2005 Nomor 05?,"Pasal 2A;
Pasal 4A;
Pasal 4B;
Pasal 9A;
Pasal 11A;"
PERMEN_KEU_2017_167,Q5,Q5.4,Apakah Peraturan Menteri Keuangan Republik Indonesia Tahun 2017 Nomor 167 mengalami amandemen?,Tidak
PERATURAN_BAWASLU_2016_1,Q5,Q5.1,Bagaimana perubahan bunyi Pasal 13 ayat 3 dalam Peraturan Badan Pengawas Pemilu Republik Indonesia Tahun 2012 Nomor 10?,"Keanggotaan Tim Seleksi terdiri atas seorang ketua
merangkap anggota, seorang sekretaris merangkap
anggota, dan anggota."
PERATURAN_BAWASLU_2016_1,Q5,Q5.2,Apa saja pasal yang dihapus dalam Peraturan Badan Pengawas Pemilu Republik Indonesia Tahun 2012 Nomor 10?,-
PERATURAN_BAWASLU_2016_1,Q5,Q5.3,Apa saja pasal yang ditambahkan dalam Peraturan Badan Pengawas Pemilu Republik Indonesia Tahun 2012 Nomor 10?,-
PERKAB_BANTUL_2002_19,Q5,Q5.4,Apakah Peraturan Daerah Kabupaten Bantul Tahun 2002 Nomor 19 mengalami amandemen?,Tidak
PERATURAN_BPJSKES_2019_6,Q5,Q5.1,Bagaimana perubahan bunyi Pasal 32 ayat 3 dalam Peraturan Badan Penyelenggara Jaminan Sosial Kesehatan Republik Indonesia Tahun 2018 Nomor 6?,"Dikecualikan dari ketentuan sebagaimana dimaksud  pada ayat (2) untuk tidak mengurangi hak Peserta, perubahan status kepesertaan berlaku sejak aktivasi status kepesertaan baru dengan memperhitungkan iuran status kepesertaan yang baru dan iuran status kepesertaan sebelumnya."
PERATURAN_BPJSKES_2019_6,Q5,Q5.2,Apa saja pasal yang dihapus dalam Peraturan Badan Penyelenggara Jaminan Sosial Kesehatan Republik Indonesia Tahun 2018 Nomor 6?,-
PERATURAN_BPJSKES_2019_6,Q5,Q5.3,Apa saja pasal yang ditambahkan dalam Peraturan Badan Penyelenggara Jaminan Sosial Kesehatan Republik Indonesia Tahun 2018 Nomor 6?,-
PERATURAN_BPJSKES_2019_6,Q5,Q5.4,Apakah Peraturan Badan Penyelenggara Jaminan Sosial Kesehatan Republik Indonesia Tahun 2018 Nomor 6 mengalami amandemen?,Ya
PERKAB_PURWAKARTA_2013_8,Q5,Q5.1,Bagaimana perubahan bunyi Pasal 12 ayat 1 dalam Peraturan Daerah Kabupaten Purwakarta Tahun 2008 Nomor 11?,"Rumah Sakit Umum Daerah Bayu Asih mempunyai tugas pokok membantu Bupati dalam penyelenggaraan pemerintah di bidang pelayanan kesehatan perorangan paripurna secara berdayaguna dengan mengutamakan upaya penyembuhan, pemulihan yang dilaksanakan secara serasi, terpadu dengan upaya pencegahan dan pelaksanaan rujukan serta tugas pembantuan yang ditugaskan kepada Pemerintah Daerah."
PERKAB_PURWAKARTA_2013_8,Q5,Q5.2,Apa saja pasal yang dihapus dalam Peraturan Daerah Kabupaten Purwakarta Tahun 2008 Nomor 11?,-
PERKAB_PURWAKARTA_2013_8,Q5,Q5.3,Apa saja pasal yang ditambahkan dalam Peraturan Daerah Kabupaten Purwakarta Tahun 2008 Nomor 11?,-
PERMEN_KOMINFO_2017_6,Q5,Q5.4,Apakah Peraturan Menteri Komunikasi dan Informasi Republik Indonesia Tahun 2017 Nomor 6 mengalami amandemen?,Tidak
PERKAB_BANTUL_2008_07,Q5,Q5.1,Bagaimana perubahan bunyi Pasal 17 ayat 3 dalam Peraturan Daerah Kabupaten Bantul Tahun 2002 Nomor 12?,"Peringatan sebagaimana dimaksud pada ayat (1) diberikan oleh Kepala Dinas Perindustrian, Perdagangan dan Koperasi."
PERKAB_BANTUL_2008_07,Q5,Q5.2,Apa saja pasal yang dihapus dalam Peraturan Daerah Kabupaten Bantul Tahun 2002 Nomor 12?,-
PERKAB_BANTUL_2008_07,Q5,Q5.3,Apa saja pasal yang ditambahkan dalam Peraturan Daerah Kabupaten Bantul Tahun 2002 Nomor 12?,-
PERKAB_BANTUL_2008_07,Q5,Q5.4,Apakah Peraturan Daerah Kabupaten Bantul Tahun 2002 Nomor 12 mengalami amandemen?,Ya
PERMEN_DAG_2019_77,Q5,Q5.1,Bagaimana perubahan bunyi Pasal 4 ayat 2 dalam Peraturan Menteri Perdagangan Republik Indonesia Tahun 2015 Nomor 85?,"Berdasarkan permohonan sebagaimana dimaksud pada ayat (1), dan ayat (1a), Direktur Jenderal menerbitkan PI-TPT paling lama 5 (lima) hari kerja terhitung sejak permohonan diterima secara lengkap dan benar."
PERMEN_DAG_2019_77,Q5,Q5.2,Apa saja pasal yang dihapus dalam Peraturan Menteri Perdagangan Republik Indonesia Tahun 2015 Nomor 85?,"Pasal 3C;
Pasal 3D;
Pasal 3F;
Pasal 23;"
PERMEN_DAG_2019_77,Q5,Q5.3,Apa saja pasal yang ditambahkan dalam Peraturan Menteri Perdagangan Republik Indonesia Tahun 2015 Nomor 85?,"Pasal 3A;
Pasal 3B;
Pasal 3E;
Pasal 7A;
Pasal 8A;
Pasal 30A;"
PERMEN_KP_2016_30,Q5,Q5.4,Apakah Peraturan Menteri Kelautan dan Perikanan Republik Indonesia Tahun 2016 Nomor 30 mengalami amandemen?,Tidak
PP_2018_25,Q5,Q5.1,Bagaimana perubahan bunyi Pasal 1 dalam Peraturan Pemerintah Republik Indonesia Tahun 2006 Nomor 42?,"Dalam Peraturan Pemerintah ini yang dimaksud dengan: 
1. Wakaf adalah perbuatan hukum Wakif untuk memisahkan dan/atau menyerahkan sebagian harta benda miliknya untuk dimanfaatkan selamanya atau untuk jangka waktu tertentu 
sesuai dengan kepentingannya guna keperluan ibadah dan/atau kesejahteraan umum menurut Syariah.
2. Wakif adalah pihak yang mewakafkan harta benda miliknya. 
3. Ikrar Wakaf adalah pernyataan kehendak Wakif yang diucapkan secara lisan dan/atau tulisan kepada nazhir untuk mewakafkan harta benda miliknya. 
4. Nazhir adalah pihak yang menerima harta benda Wakaf dari Wakif untuk dikelola dan dikembangkan sesuai dengan peruntukannya. 
5. Mauquf alaih adalah pihak yang ditunjuk untuk memperoleh manfaat dari peruntukan harta benda Wakaf sesuai pernyataan kehendak Wakif yang dituangkan dalam Akta Ikrar Wakaf. 
6. Akta Ikrar Wakaf adalah bukti pernyataan kehendak Wakif untuk mewakafkan harta benda miliknya guna dikelola Nazhir sesuai dengan peruntukan harta benda Wakaf yang dituangkan dalam bentuk akta. 
7. Sertifikat Wakaf Uang adalah surat bukti yang dikeluarkan oleh Lembaga Keuangan Syariah kepada Wakif dan Nazhir tentang penyerahan Wakaf uang. 
8. Pejabat Pembuat Akta Ikrar Wakaf, yang selanjutnya disingkat PPAIW adalah pejabat berwenang yang ditetapkan oleh Menteri untuk membuat Akta Ikrar Wakaf. 
9. Lembaga Keuangan Syariah, yang selanjutnya disingkat LKS adalah badan hukum Indonesia yang bergerak di bidang keuangan Syariah.
10. Bank Syariah adalah Bank Umum Syariah, Unit Usaha Syariah dari Bank Umum konvensional serta Bank Perkreditan Rakyat Syariah. 
11. Badan Wakaf Indonesia, yang selanjutnya disingkat BWI adalah lembaga independen dalam pelaksanaan tugasnya untuk mengembangkan perwakafan di Indonesia. 
12. Kepala Kantor Urusan Agama, yang selanjutnya disebut Kepala KUA adalah pejabat kementerian yang menyelenggarakan urusan pemerintahan di bidang agama Islam di tingkat kecamatan. 
12A. Kepala Kantor Wilayah Kementerian Agama Provinsi, yang selanjutnya disebut Kepala Kantor Wilayah adalah pejabat kementerian yang menyelenggarakan urusan pemerintahan di bidang agama di tingkat provinsi.
12B. Kepala Kantor Kementerian Agama Kabupaten/Kota, yang selanjutnya disebut Kepala Kantor adalah pejabat kementerian yang menyelenggarakan urusan pemerintahan di bidang agama di tingkat kabupaten/kota. 
12C. Tim Penetapan Keseimbangan Nilai dan Manfaat Tukar Menukar Harta Benda Wakaf, yang selanjutnya disebut Tim Penetapan adalah tim yang dibentuk oleh Kepala Kantor. 
12D.Penilai Pertanahan, yang selanjutnya disebut Penilai, adalah orang perseorangan yang melakukan penilaian secara independen dan profesional yang telah mendapat izin praktik Penilaian dari Menteri Keuangan dan telah mendapat lisensi dari Badan Pertanahan Nasional Republik Indonesia untuk menghitung nilai/harga Objek Pengadaan Tanah. 
12E.Penilai Publik adalah penilai yang telah memperoleh izin dari Menteri Keuangan untuk memberikan jasa penilaian. 
13. Menteri adalah menteri yang menyelenggarakan urusan pemerintahan di bidang agama."
PP_2018_25,Q5,Q5.2,Apa saja pasal yang dihapus dalam Peraturan Pemerintah Republik Indonesia Tahun 2006 Nomor 42?,Pasal 14;
PP_2018_25,Q5,Q5.3,Apa saja pasal yang ditambahkan dalam Peraturan Pemerintah Republik Indonesia Tahun 2006 Nomor 42?,"Pasal 51A;
Pasal 59A"
PP_2018_25,Q5,Q5.4,Apakah Peraturan Pemerintah Republik Indonesia Tahun 2006 Nomor 42 mengalami amandemen?,Ya
UU_2004_3,Q5,Q5.1,Bagaimana perubahan bunyi Pasal 62 ayat 1 dalam Undang-Undang Republik Indonesia Tahun 1999 Nomor 23?,"Surplus dari hasil kegiatan Bank Indonesia akan dibagi sebagai berikut: 
a. 30 (tiga puluh perseratus) untuk Cadangan Tujuan; 
b. sisanya dipupuk sebagai Cadangan Umum sehingga jumlah modal dan Cadangan Umum menjadi 10 (sepuluh perseratus) dari seluruh kewajiban moneter sebagaimana dimaksud dalam Pasal 6 ayat (2)."
UU_2004_3,Q5,Q5.2,Apa saja pasal yang dihapus dalam Undang-Undang Republik Indonesia Tahun 1999 Nomor 23?,-
UU_2004_3,Q5,Q5.3,Apa saja pasal yang ditambahkan dalam Undang-Undang Republik Indonesia Tahun 1999 Nomor 23?,Pasal 58A;
PERKOT_TASIKMALAYA_2009_11,Q5,Q5.4,Apakah Peraturan Daerah Kota Tasikmalaya Tahun 2009 Nomor 11 mengalami amandemen?,Tidak
PP_2007_25,Q5,Q5.1,Bagaimana perubahan bunyi Pasal 40 ayat 2 dalam Peraturan Pemerintah Republik Indonesia Tahun 2005 Nomor 6?,Bupati/Wakil Bupati atau Walikota/Wakil Walikota yang dicalonkan oleh Partai Politik atau Gabungan Partai Politik menjadi calon Gubernur atau Wakil Gubernur harus menjalani cuti di luar tanggungan negara pada saat melaksanakan kampanye.
PP_2007_25,Q5,Q5.2,Apa saja pasal yang dihapus dalam Peraturan Pemerintah Republik Indonesia Tahun 2005 Nomor 6?,-
PP_2007_25,Q5,Q5.3,Apa saja pasal yang ditambahkan dalam Peraturan Pemerintah Republik Indonesia Tahun 2005 Nomor 6?,-
PERKAB_BATANG_2010_7,Q5,Q5.4,Apakah Peraturan Daerah Kabupaten Batang Tahun 2010 Nomor 7 mengalami amandemen?,Tidak
PP_2008_69,Q5,Q5.5,Apakah Peraturan Pemerintah Republik Indonesia Tahun 2000 Nomor 2 masih berlaku?,Tidak
PP_2007_31,Q5,Q5.5,Apakah Peraturan Pemerintah Republik Indonesia Tahun 2001 Nomor 12 masih berlaku?,Ya
PERKAB_BATANG_HARI_2013_14,Q5,Q5.5,Apakah Peraturan Daerah Kabupaten Batang Hari Tahun 2002 Nomor 11 masih berlaku?,Tidak
PERATURAN_BAWASLU_2015_2,Q5,Q5.5,Apakah Peraturan Badan Pengawas Pemilihan Umum Republik Indonesia Tahun 2014 Nomor 11 masih berlaku?,Ya
PERPROV_SUMBAR_2012_2,Q5,Q5.5,Apakah Peraturan Daerah Provinsi Sumatera Barat Tahun 2011 Nomor 4 masih berlaku?,Ya
UU_2004_3,Q5,Q5.5,Apakah Undang-Undang Republik Indonesia Tahun 1999 Nomor 23 masih berlaku?,Ya
PERMEN_DAG_2009_29,Q5,Q5.5,Apakah Peraturan Menteri Perdagangan Republik Indonesia Tahun 2005 Nomor 05 masih berlaku?,Ya
PERATURAN_KPU_2010_14,Q5,Q5.5,Apakah Peraturan Komisi Pemilihan Umum Republik Indonesia Tahun 2009 Nomor 69 masih berlaku?,Ya
PERATURAN_BAWASLU_2016_1,Q5,Q5.5,Apakah Peraturan Badan Pengawas Pemilihan Umum Republik Indonesia Tahun 2012 Nomor 10 masih berlaku?,Ya
PERMEN_DIKBUD_2013_108,Q5,Q5.5,Apakah Peraturan Menteri Pendidikan dan Kebudayaan Republik Indonesia Tahun 2012 Nomor 58 masih berlaku?,Ya
PERMEN_HUMHAM_2016_35,Q5,Q5.5,Apakah Peraturan Menteri Hukum dan Hak Asasi Manusia Republik Indonesia Tahun 2012 Nomor 01 masih berlaku?,Tidak
PERKOT_BANDUNG_2009_11,Q5,Q5.5,Apakah Peraturan Daerah Kota Bandung Tahun 2007 Nomor 10 masih berlaku?,Ya
PERKAB_CIAMIS_2011_25,Q5,Q5.5,Apakah Peraturan Daerah Kabupaten Ciamis Tahun 2005 Nomor 28 masih berlaku?,Tidak
PERATURAN_POLRI_2019_4,Q5,Q5.5,Apakah Peraturan Kepala Kepolisian Negara Republik Indonesia Tahun 2010 Nomor 8 masih berlaku?,Tidak
PERMEN_ESDM_2018_20,Q5,Q5.5,Apakah Peraturan Menteri Energi dan Sumber Daya Mineral Republik Indonesia Tahun 2008 Nomor 21 masih berlaku?,Tidak
PERKAB_KOTABARU_2013_13,Q5,Q5.5,Apakah Peraturan Daerah Kabupaten Kotabaru Tahun 2008 Nomor 18 masih berlaku?,Tidak
PERKAB_MUKO_MUKO_2011_3,Q5,Q5.5,Apakah Peraturan Daerah Kabupaten Muko-Muko Tahun 2009 Nomor 29 masih berlaku?,Tidak
PERKAB_INDRAGIRI_HILIR_2010_50,Q5,Q5.5,Apakah Peraturan Daerah Kabupaten Indragiri Hilir Tahun 2000 Nomor 67 masih berlaku?,Tidak
PERMEN_KES_2014_6,Q5,Q5.5,Apakah Peraturan Menteri Kesehatan Republik Indonesia Tahun 2010 Nomor 1636 masih berlaku?,Tidak
PERMEN_PAR_2018_4,Q5,Q5.5,Apakah Peraturan Menteri Pariwisata dan Ekonomi Kreatif Republik Indonesia Tahun 2011 Nomor 106 masih berlaku?,Tidak
PP_2007_25,Q5,Q5.5,Apakah Peraturan Pemerintah Republik Indonesia Tahun 2005 Nomor 6 masih berlaku?,Ya
PP_2019_42,Q5,Q5.5,Apakah Peraturan Pemerintah Republik Indonesia Tahun 1995 Nomor 46 masih berlaku?,Tidak
PERMEN_NAKERTRANS_2009_15,Q5,Q5.5,Apakah Peraturan Menteri Tenaga Kerja dan Transmigrasi Republik Indonesia Tahun 2008 Nomor 22 masih berlaku?,Tidak
PERKOT_CIREBON_2008_6,Q5,Q5.5,Apakah Peraturan Daerah Kota Cirebon Tahun 2001 Nomor 4 masih berlaku?,Ya
PERMEN_DAG_2019_77,Q5,Q5.5,Apakah Peraturan Menteri Perdagangan Republik Indonesia Tahun 2015 Nomor 85 masih berlaku?,Ya
PERKAB_BERAU_2011_8,Q5,Q5.5,Apakah Peraturan Daerah Kabupaten Berau Tahun 2005 Nomor 9 masih berlaku?,Tidak
UU_2007_28,Q5,Q5.5,Apakah Undang-Undang Republik Indonesia Tahun 1983 Nomor 6 masih berlaku?,Ya
PERKAB_PURWAKARTA_2013_8,Q5,Q5.5,Apakah Peraturan Daerah Kabupaten Purwakarta Tahun 2008 Nomor 11 masih berlaku?,Ya
PP_1962_2,Q5,Q5.5,Apakah Peraturan Pemerintah Republik Indonesia Tahun 1958 Nomor 66 masih berlaku?,Tidak
PERKAB_PINRANG_2010_6,Q5,Q5.5,Apakah Peraturan Daerah Kabupaten Pinrang Tahun 2005 Nomor 1 masih berlaku?,Ya
PERMEN_KOMINFO_2017_21,Q5,Q5.5,Apakah Peraturan Menteri Komunikasi dan Informasi Republik Indonesia Tahun 2016 Nomor 12 masih berlaku?,Ya
PERPROV_JABAR_2001_15,Q5,Q5.5,Apakah Peraturan Daerah Provinsi Jawa Barat Tahun 1999 Nomor 6 masih berlaku?,Tidak
PERKOT_BANDUNG_2007_09,Q5,Q5.5,Apakah Peraturan Daerah Kota Bandung Tahun 2005 Nomor 01 masih berlaku?,Tidak
PERMEN_PERIN_2008_62,Q5,Q5.5,Apakah Peraturan Menteri Perindustrian Republik Indonesia Tahun 2008 Nomor 43 masih berlaku?,Ya
PERMEN_DAG_2015_63,Q5,Q5.5,Apakah Peraturan Menteri Perdagangan Republik Indonesia Tahun 2014 Nomor 78 masih berlaku?,Ya
PERMEN_DIKBUD_2019_42,Q5,Q5.5,Apakah Peraturan Menteri Pendidikan dan Kebudayaan Republik Indonesia Tahun 2015 Nomor 8 masih berlaku?,Tidak
PERMEN_KEU_2011_91,Q5,Q5.5,Apakah Peraturan Menteri Keuangan Republik Indonesia Tahun 2009 Nomor 229 masih berlaku?,Ya
PERKOT_PADANG_PANJANG_2013_6,Q5,Q5.5,Apakah Peraturan Daerah Kota Padang Panjang Tahun 2006 Nomor 4 masih berlaku?,Tidak
PERMEN_ESDM_2019_3,Q5,Q5.5,Apakah Peraturan Menteri Energi dan Sumber Daya Mineral Republik Indonesia Tahun 2018 Nomor 23 masih berlaku?,Ya
PERKAB_SIAK_2013_2,Q5,Q5.5,Apakah Peraturan Daerah Kabupaten Siak Tahun 2002 Nomor 36 masih berlaku?,Tidak
